1;"EM QUE ESTADO DO BRASIL NASCEU A APRESENTADORA XUXA?";"RIO DE JANEIRO";"RIO GRANDE DO SUL";"SANTA CATARINA";"GOIÁS";"2"
2;"QUAL GRUPO DE PAGODE DO CANTOR CHRIGOR?";"NEGRITUDE JR.";"EXALTASAMBA";"MOLEJO";"SOWETO";"2"
3;"QUE  PERSONAGEM DA TURMA DO CHAVES VIVE COBRANDO O ALUGUEL DO SEU MADRUGA?";"KIKO";"CHAVES";"SEU BARRIGA";"PROFESSOR GIRAFALES";"3"
4;"QUEM É A NAMORADA DO MICKEY?";"MARGARIDA";"MINIE";"CLARABELA";"ROSINHA";"2"
5;"QUE PERSONAGEM DO FOLCLORE BRASILEIRO TEM UMA PERNA SÓ?";"CUCA";"NEGRINHO DO PASTOREIO";"BOITATÁ";"SACI-PERERÊ";"4"
6;"DE QUE PAÍS FIDEL CASTRO É PRESIDENTE ?";"JAMAICA";"CUBA";"EL SALVADOR";"MÉXICO";"2"
7;"QUEM PROCLAMOU A REPÚBLICA DO BRASIL EM 1889?";"DUQUE DE CAXIAS";"MARECHAL RONDON";"DOM PEDRO II";"MARECHAL DEODORO";"4"
8;"QUAL É O TIME DO CORAÇÃO DO PADRE MARCELO ROSSI?";"CORINTHIANS";"PALMEIRAS";"SANTOS";"FLAMENGO";"1"
9;"QUEM É O ' PATRONO ' DO EXÉRCITO BRASILEIRO?";"MARECHAL DEODORO";"BARÃO DE MAUÁ";"DUQUE DE CAXIAS";"MARQUÊS DE POMBAL";"3"
10;"QUEM REPROVAVA OS CALOUROS EM SEU PROGRAMA TOCANDO UMA BUZINA?";"RAUL GIL";"BOLINHA";"FLAVIO CAVALCANTI";"CHACRINHA";"4"
11;"QUEM É O PAI DA SASHA, A FILHA DA XUXA?";"LUCIANO  CANTOR";"LUCIANO HUCK";"LUCIANO SZAFIR";"LUCIANO DO VALLE";"3"
12;"ANTES DE CASAR COM ANA MARIA BRAGA, CARLOS MADRULHA EXERCIA QUAL PROFISSÃO?";"MORDOMO";"SEGURANÇA";"COZINHEIRO";"ESTILISTA";"2"
13;"QUAL SERIA SEU SIGNO SE VOCÊ NASCESSE NO DIA DO ANO NOVO?";"VIRGEM";"AQUARIO";"CAPRICORNIO";"ARIES";"3"
14;"QUEM FUNDOU A FÁBRICA DE AUTOMÓVEIS FORD?";"HARRISON FORD";"GERALD FORD";"HENRY FORD";"ANNA FORD";"3"
15;"QUAL A COR ASSOCIADA A GRUPOS ECOLÓGICOS?";"PRETO";"VERMELHO";"AZUL";"VERDE";"4"
16;"COM QUANTOS GRAUS CENTÍGRADOS A ÁGUA FERVE?";"200";"100";"170";"220";"2"
17;"QUANDO É COMEMORADO O DIA DA INDEPENDÊNCIA DO BRASIL?";"21 DE ABRIL";"12 DE OUTUBRO";"7 DE SETEMBRO";"25 DE DEZEMBRO";"3"
18;"QUAL O NOME DA ÁREA EM ROMA NA QUAL VIVE O PAPA?";"VENEZA";"VITÓRIA";"VANCOUVER";"VATICANO";"4"
19;"QUE FERIADO É COMEMORADO NO DIA 1º DE MAIO?";"DIA DO AVIADOR";"DIA DO TRABALHO";"DIA DAS MÃES";"DIA DA BANDEIRA";"2"
20;"QUEM FOI O GRANDE AMOR DE JULIETA?";"ROMEU";"MERCÚRIO";"HAMLET";"IAGO";"1"
21;"QUANTOS SÍGNOS ASTROLÓGICOS FAZEM O ZODÍACO?";"9 SÍGNOS";"10 SÍGNOS";"11 SÍGNOS";"12 SÍGNOS";"4"
22;"QUE PARENTESCO TEM OS CANTORES GIAN E GIOVANI?";"CUNHADOS";"IRMÃOS";"PRIMOS";"COMPADRES";"2"
23;"MARIA ODETE BRITO DE MIRANDA É O NOME VERDADEIRO DE QUAL CANTORA ?";"GRETCHEN";"SULA MIRANDA";"R. MIRANDA";"ÂNGELA MARIA";"1"
24;"QUAL  PERSONAGEM DA TURMA DA MÔNICA  TEM  CINCO FIOS DE CABELO  ?";"MÔNICA";"CEBOLINHA";"CASCÃO";"MAGALI";"2"
25;"QUAL A CANTORA QUE TINHA O APELIDO DE ' TERNURINHA'  NA ÉPOCA DA JOVEM GUARDA?";"SILVINHA";"WANDERLÉIA";"GRETCHEN";"MARTINHA";"2"
26;"EM QUAL ESTADO DO BRASIL O CHURRASCO É UMA COMIDA TÍPICA?";"MINAS GERAIS";"RIO GRANDE DO SUL";"SÃO PAULO";"GOIÁS";"2"
27;"A ATRIZ E CANTORA SANDY É FILHA DE QUAL CANTOR?";"LEONARDO";"XORORÓ";"ZEZÉ";"CHITÃOZINHO";"2"
28;"QUEM CRIOU OS PERSONAGENS PEDRINHO E NARIZINHO?";"M. DE SOUSA";"ZIRALDO";"M. LOBATO";"M. C. MACHADO";"3"
29;"QUAL É O HOMEM MAIS RICO DO MUNDO ATUALMENTE?";"SULTÃO DE BRUNEI";"AKIO MORITA";"BILL GATES";"PRÍNCIPE CHARLES";"3"
30;"QUEM CRIOU OS PERSONAGENS DA TURMA DA MÔNICA?";"MONTEIRO LOBATO";"JORGE AMADO";"MAURÍCIO DE SOUSA";"ANGELI";"3"
31;"NOS DESENHOS ANIMADOS, COMO SE CHAMA O CACHORRO MEDROSO DO SALSICHA?";"FLOQUINHO";"RIN-TIN-TIN";"LASSIE";"SCUBIDU";"4"
32;"NO PROGRAMA DO GUGU, COMO SE CHAMA O COMPANHEIRO DO ET?";"ASTOLFO";"RODOLFO";"LINDOLFO";"ADOLFO";"2"
33;"QUANTAS DENTIÇÕES TEM O SER HUMANO  DURANTE A VIDA?";"UMA";"DUAS";"TRÊS";"QUATRO";"2"
34;"EDINHO, FILHO DE PELÉ, JOGOU NO SANTOS EM QUE POSIÇÃO?";"ZAGUEIRO";"GOLEIRO";"ATACANTE";"ARMADOR";"2"
35;"QUAL É A PEDRA PRECIOSA MAIS DURA ENCONTRADA NA NATUREZA?";"ESMERALDA";"RUBI";"PÉROLA";"DIAMANTE";"4"
36;"QUE  PERSONAGEM DA TV  DIZ:' NÃO CONTAVAM COM A MINHA ASTÚCIA'?";"CHAVES";"KIKO";"CHAPOLIM  COLORADO";"SEU MADRUGA";"3"
37;"QUE CANTOR AMERICANO FICOU CONHECIDO COMO  'O REI DO ROCK'?";"FRANK SINATRA";"LITTLE RICHARD";"ELVIS PRESLEY";"RICHIE VALENS";"3"
38;"QUAL É O GATO INIMIGO DO PIU-PIU NOS DESENHOS ANIMADOS?";"FÉLIX";"TOM";"FRAJOLA";"BATATINHA";"3"
39;"JOANA PRADO É O NOME VERDADEIRO DE QUAL ARTISTA?";"TIAZINHA";"FEITICEIRA";"LADY LU";"SHEILA MELLO";"2"
40;"QUANTOS DIAS TEM UM ANO BISSEXTO ?";"364";"365";"366";"367";"3"
41;"QUAL O RÉPTIL QUE MUDA DE COR CONFORME O AMBIENTE E O MEIO ONDE VIVE?";"SAPO";"CAMALEÃO";"LAGARTO";"JACARÉ";"2"
42;"QUAL É O TEMPO DE DURAÇÃO DE UMA PARTIDA DE FUTEBOL?";"45 MINUTOS";"90 MINUTOS";"120 MINUTOS";"150 MINUTOS";"2"
43;"QUAL É A CAPITAL DO CINEMA MUNDIAL?";"GRAMADO";"LAS VEGAS";"NEW ORLEANS";"HOLLYWOOD";"4"
44;"QUAL ERA O CÓDIGO DA IDENTIDADE SECRETA DO JAMES BOND?";"7O7";"9O7";"OO8";"OO7";"4"
45;"QUAL É A FRUTA QUE VOCÊ ASSOCIA COM A CIDADE DE LARANJAL?";"MELANCIA";"LARANJA";"MAÇÃ";"UVA";"2"
46;"QUANTOS CENTAVOS TEM UM REAL?";"DEZ";"MIL";"CEM";"CINQÜENTA";"3"
47;"QUAL ERA O ' FRUTO PROIBIDO' QUE ADÃO E EVA COMERAM NO JARDIM DO ÉDEN?";"MAMÃO";"MAÇÃ";"UVA";"ABACAXI";"2"
48;"COMO É CONHECIDA A PONTE QUE LIGA AS CIDADES DO RIO DE JANEIRO E DE NITERÓI?";"RIO KWAIT";"RIO-NITERÓI";"RIO S. FRANCISCO";"BROOKLIN";"2"
49;"QUE DIA É COMEMORADO A PROCLAMAÇÃO DA REPÚBLICA NO BRASIL?";"19 DE ABRIL";"15 DE OUTUBRO";"19 DE NOVEMBRO";"15 DE NOVEMBRO";"4"
50;"O QUE MEDE O TERMÔMETRO?";"LONGITUDE";"UMIDADE";"TEMPERATURA";"LATITUDE";"3"
51;"A QUE CONTINENTE PERTENCE O RIO AMAZONAS?";"AMERICANO";"AFRICANO";"EUROPEU";"ASIÁTICO";"1"
52;"QUEM ESCULPIU PINÓCHIO?";"GEPETO";"A FADA";"A BRUXA";"A RAPOSA";"1"
53;"QUAL É A MOEDA OFICIAL DOS ESTADOS UNIDOS?";"ESCUDO";"COROA";"DÓLAR";"LIBRA";"3"
54;"DE QUANTO O BRASIL PERDEU DA FRANÇA NA FINAL DA COPA DE 98?";"DOIS A ZERO";"TRÊS A ZERO";"QUATRO A ZERO";"CINCO A ZERO";"2"
55;"QUANTAS FOLHAS TEM UM TREVO DA SORTE?";"TRÊS";"QUATRO";"CINCO";"SEIS";"2"
56;"QUEM É O PAI DA CHIQUINHA?";"GIRAFALES";"SEU BARRICA";"SEU MADRUGA";"NHONHO";"3"
57;"O QUE VEM DEPOIS DO VERÃO E ANTES DO INVERNO?";"OUTONO";"PRIMAVERA";"INVERNO";"VERÃO";"1"
58;"VIOLONCELO É UM INSTRUMENTO DE:";"SOPRO";"CORDAS";"PERCUSSÃO";"REPERCUSSÃO";"2"
59;"A BRUXA ENVENENOU BRANCA DE NEVE COM QUE FRUTA?";"MAÇÃ";"PÊRA";"MELÃO";"LARANJA";"1"
60;"QUEM É O TÉCNICO DA SELEÇÃO BRASILEIRA DE FUTEBOL?";"ZAGALLO";"SCOLARI";"LUXEMBURGO";"CARPEGIANNI";"3"
61;"EM QUE CIDADE É REALIZADA A CORRIDA SÃO SILVESTRE?";"B. HORIZONTE";"R. DE JANEIRO";"SÃO PAULO";"SALVADOR";"3"
62;"QUAL ÁREA DA MEDICINA QUE TRATA  AS CRIANÇAS?";"GERIATRIA";"PEDIATRIA";"INFANTOLOGIA";"BIOLOGIA";"2"
63;"O SAQUÊ É UMA BEBIDA ORIGINÁRIA DE QUE PAÍS?";"ESTADOS UNIDOS";"JAPÃO";"CORÉIA DO SUL";"CHINA";"2"
64;"O CAMELO TEM QUANTAS CORCOVAS ?";"UMA";"DUAS";"TRÊS";"QUATRO";"2"
65;"UM ADULTO SADIO TEM QUANTOS DENTES NA BOCA?";"DEZOITO";"VINTE E QUATRO";"TRINTA E DOIS";"TRINTA E SEIS";"3"
66;"O PADRE MARCELO ROSSI NASCEU EM QUE ESTADO?";"MINAS GERAIS";"PARANÁ";"SÃO PAULO";"RIO DE JANEIRO";"3"
67;"QUAL DOS SETE ANÕES USA ÓCULOS?";"DUNGA";"ZANGADO";"DENGOSO";"MESTRE";"4"
68;"QUEM É O HOMEM DE AÇO DAS HISTÓRIAS EM QUADRINHOS?";"BATMAN";"HULK";"HE-MAN";"SÚPER-HOMEM";"4"
69;"CAVALO, RAINHA E TORRE SÃO PEÇAS DE QUAL JOGO?";"DAMAS";"XADREZ";"LUDO";"DOMINÓ";"2"
70;"TURMALINA É UMA ESPÉCIE DE QUÊ?";"FLOR";"FRUTA";"PEDRA";"VERDURA";"3"
71;"QUAL É O SANTO CASAMENTEIRO?";"SÃO PEDRO";"SÃO PAULO";"SÃO JOÃO";"SANTO ANTÕNIO";"4"
72;"QUEM É O ATUAL MINISTRO DA SAÚDE DO BRASIL?";"ADIB JATENE";"JOSÉ SERRA";"CIRO GOMES";"PEDRO MALAN";"2"
73;"QUE TIPO DE INSTRUMENTO É O PIANO?";"SOPRO";"CORDA";"PERCUSSÃO";"FORÇA";"2"
74;"SEGUNDO A BÍBLIA, CAIM MATOU QUEM?";"ADÃO";"ISAAC";"ABEL";"ABRAÃO";"3"
75;"QUE LIVRO TEM O VELHO E O NOVO TESTAMENTO?";"A BÍBLIA";"ENCICLOPÉDIA";"DICIONÁRIO";"RECEITAS";"1"
76;"QUE OBJETO USADO NA CHUVA, O PINGÜIM DO BATMAN, USA COMO ARMA?";"GUARDA-CHUVA";"CHAPÉU";"GALOCHA";"CAPA";"1"
77;"QUE CRIATURA  MITOLÓGICA É METADE MULHER E METADE PEIXE?";"SEREIA";"MEDUSA";"CLEÓPATRA";"IEMANJÁ";"1"
78;"QUAL É A PROFISSÃO DA IRMÃ DE GUGU LIBERATO ?";"TEATRÓLOGA";"PODÓLOGA";"NUMERÓLOGA";"ASTRÓLOGA";"3"
79;"DE QUAL PAÍS É O CHAMPAGNE ?";"AMÉRICA";"HOLANDA";"FRANÇA";"SUÉCIA";"3"
80;"QUE DUPLA SERTANEJA OS INTEGRANTES PLANTAVAM TOMATE NA ROÇA, EM GOIÁS, ANTES DA FAMA?";"CHITÃOZINHO E XORORÓ";"RIO NEGRO E SOLIMÕES";"ZEZÉ DI CAMARGO E LUCIANO";"LEANDRO E LEONARDO";"4"
81;"QUAL É A PEDRA PRECIOSA QUE SE FORMA LENTAMENTE DENTRO DAS OSTRAS?";"DIAMANTE";"PÉROLA";"RUBI";"ESMERALDA";"2"
82;"QUAL É O DIA DA MENTIRA ?";"26/Dez";"07/Set";"01/Abr";"15/Nov";"3"
83;"EM QUE ESTADO NASCEU A CANTORA ELBA RAMALHO ?";"PARAÍBA";"CEARÁ";"BAHIA";"ALAGOAS";"1"
84;"QUAL É O DIA DAS CRIANÇAS?";"12 DE OUTUBRO";"1 DE ABRIL";"13 DE MAIO";"9 DE JULHO";"1"
85;"EM QUE ESTADO DO BRASIL NASCERAM OS CANTORES CHITÃOZINHO E XORORÓ?";"PARANÁ";"MINAS GERAIS";"MATO GROSSO";"GOIÁS";"1"
86;"QUEM É A MULHER DO TARZAN ?";"DIANA";"LOUIS LAINE";"JANE";"CHITA";"3"
87;"QUAL A PROFISSÃO DOS SETE ANÕES?";"MINEIROS";"LENHADORES";"AGRICULTORES";"PASTORES";"1"
88;"QUEM É POTIGUAR, NASCE EM QUE ESTADO DO BRASIL?";"ESPÍRITO SANTO";"R. G. DO NORTE";"SANTA CATARINA";"PARANÁ";"2"
89;"UMA EQUIPE DE VÔLEI COMEÇA UMA PARTIDA COM QUANTOS TITULARES NA QUADRA?";"CINCO";"SEIS";"SETE";"OITO";"2"
90;"QUE PROFISSIONAL CONDUZ O ELEVADOR?";"CONDUTOR";"ELEVADORISTA";"ASCENSORISTA";"BOTONISTA";"3"
91;"SEGUNDO A BÍBLIA, JESUS CRISTO TINHA QUANTOS APÓSTOLOS?";"DEZ";"ONZE";"DOZE";"TREZE";"3"
92;"A MÁFIA SURGIU  NA IDADE MÉDIA EM QUE PAÍS?";"ESTADOS UNIDOS";"INGLATERRA";"ITÁLIA";"ESPANHA";"3"
93;"QUE PERSONAGEM DOS QUADRINHOS, USA UM COELHO COMO ARMA E TEM DENTES GRANDES?";"MAGALI";"CEBOLINHA";"CASCÃO";"MÔNICA";"4"
94;"O PRESIDENTE FERNANDO HENRIQUE É FORMADO EM QUAL FACULDADE?";"ADMINISTRAÇÃO";"ECONOMIA";"DIREITO";"SOCIOLOGIA";"4"
95;"QUAL É CONSIDERADO O MÊS DAS NOIVAS?";"SETEMBRO";"JUNHO";"MAIO";"OUTUBRO";"3"
96;"QUEM INVENTOU O TELEFONE?";"GRAHAM BELL";"G. WASHINGTON";"TOMAS EDISON";"MARCONI";"1"
97;"QUE TIPO DE ANIMAL É UM ROTWEILLER?";"CAVALO";"CACHORRO";"CAMELO";"COELHO";"2"
98;"COMO É CHAMADO O ESPORTE COM AVIÕEZINHOS VIA CONTROLE REMOTO?";"AUTOMOBILISMO";"IATISMO";"AEROMODELISMO";"ATLETISMO";"3"
99;"O QUE QUER DIZER A FRASE ' I LOVE YOU ' EM PORTUGUÊS?";"BOM DIA";"ATÉ LOGO";"EU TE AMO";"ESTOU COM FOME";"3"
100;"TURMALINA É UMA ESPÉCIE DE QUÊ?";"FLOR";"FRUTA";"PEDRA";"VERDURA";"3"
101;"QUAL PERSONAGEM FAMOSO, LIDEROU UM BANDO NA FLORESTA DE SHERWOOD?";"ROBIN COOK";"ROBIN BANKS";"ROBIN HOOD";"ROBIN DAYS";"3"
102;"DE QUE COR É A PEDRA RUBI?";"AZUL";"VERDE";"AMARELA";"VERMELHA";"4"
103;"QUAL É A VERDURA QUE FORTALECE O MARINHEIRO POPEYE?";"ALFACE";"ESPINAFRE";"CENOURA";"REPOLHO";"2"
104;"QUAL É O SANTO CASAMENTEIRO?";"SÃO PEDRO";"SÃO PAULO";"SÃO JOÃO";"SANTO ANTÔNIO";"4"
105;"QUAL ERA A PROFISSÃO DO LULA PRESIDENTE DO PT?";"ENGRAXATE";"PEDREIRO";"FEIRANTE";"METALÚRGICO";"4"
106;"QUEM FOI O AMOR DO IMPERADOR MARCO ANTONIO?";"SHERAZADE";"LADY GODIVA";"CLEÓPATRA";"JULIETA";"3"
107;"QUAL ESTAÇÃO É CONHECIDA COMO A QUE CAEM AS FOLHAS DAS ÁRVORES?";"VERÃO";"OUTONO";"INVERNO";"PRIMAVERA";"2"
108;"COMO JOANA D'ARC MORREU?";"ENFORCADA";"AFOGADA";"QUEIMADA";"ASFIXIADA";"3"
109;"QUEM ERA FRANKINSTEIN?";"UM MONSTRO";"UM GORILA";"UM PRÍNCIPE";"UM SAPO";"1"
110;"QUAL É A ASSOCIAÇÃO QUE TEM POR LEMA ' SEMPRE ALERTA '?";"MÃES";"ESCOTEIROS";"BOMBEIROS";"POLICIAIS";"2"
111;"QUE CARGO PÚBLICO É OCUPADO POR ANTONY GAROTINHO, NO RIO DE JANEIRO ?";"PREFEITO";"GOVERNADOR";"SENADOR";"SECRETÁRIO";"2"
112;"TARZAN É O REI DO QUE ?";"DA SELVA";"DA NOITE";"DA TASMÂNIA";"DAS MULHERES";"1"
113;"COMO É CHAMADO O HOMEM SEDUTOR OU CONQUISTADOR IRRESISTÍVEL ?";"DOM JUAN";"DOM DÓCA";"DOM GALÃ";"DOM DIVINO";"1"
114;"UM SÉCULO TEM QUANTOS ANOS?";"50";"100";"1000";"1500";"2"
115;"QUAL É O COLETIVO DE CÃES?";"MATILHA";"REBANHO";"ALCATÉIA";"MANADA";"1"
116;"SEGUNDO A BÍBLIA, EM QUE RIO JESUS FOI BATIZADO POR JOÃO BATISTA?";"RIO NILO";"RIO SENA";"RIO RENO";"RIO JORDÃO";"4"
117;"QUAL É A MAIOR FLORESTA DO PLANETA?";"NEGRA";"SHERWOOD";"TIJUCA";"AMAZÔNICA";"4"
118;"QUAL NAIPE DO BARALHO TEM O DESENHO DE CORAÇÃO?";"OUROS";"PAUS";"COPAS";"ESPADAS";"3"
119;"QUAL ATRIZ ESTRELOU O FILME: 'A LAGOA AZUL'";"ALICIA SILVERSTONE";"BROOKE SHIELDS";"JULIA ROBERTS";"JESSICA LANGE";"2"
120;"QUE CASAL FOI EXPULSO DO PARAÍSO ?";"SANSÃO E DALILA";"JOSÉ E MARIA";"SARA E ABRAÃO";"ADÃO  E EVA";"4"
121;"QUE ANIMAL SE TRANSFORMA EM PRÍNCIPE, QUANDO É BEIJADO PELA PRINCESA NOS CONTOS INFANTIS?";"CAVALO";"CÃO";"GATO";"SAPO";"4"
122;"QUEM SÓ ACREDITA VENDO É SEGUIDOR DE QUAL SANTO?";"SANTO ANTÔNIO";"SÃO JUDAS TADEU";"SÃO PEDRO";"SÃO TOMÉ";"4"
123;"QUAL FRUTO É CONHECIDO NO NORTE E NORDESTE DO BRASIL COMO 'JERIMUM'?";"CAJU";"ABÓBORA";"CHUCHU";"COCO";"2"
124;"AS PONTES DE SAFENA SÃO IMPLANTADAS EM QUE PARTE DO CORPO HUMANO?";"ESTÔMAGO";"INTESTINO";"PULMÃO";"CORAÇÃO";"4"
125;"QUAL É A ÚNICA GOVERNADORA DO BRASIL?";"RITA CAMATA";"LUISA ERUNDINA";"ROSEANA SARNEY";"CONCEIÇÃO TAVARES";"3"
126;"O JOGADOR EDMUNDO JOGA EM QUE TIME?";"CORINTHIANS";"BOTAFOGO";"VASCO DA GAMA";"FLAMENGO";"3"
127;"QUEM CRIOU A BONECA EMÍLIA NA LITERATURA?";"MONTEIRO LOBATO";"MAURÍCIO DE SOUZA";"WALT DISNEY";"JÔ SOARES";"1"
128;"O QUE SÃO PRATO, MINAS E PROVOLONE ?";"JÓIAS";"QUEIJOS";"ÁGUA MINERAL";"METAIS";"2"
129;"NO FAMOSO CONTO, QUE TIPO DE ANIMAL ERA ' MOBY DICK ' ?";"TUBARÃO";"GOLFINHO";"POLVO";"BALEIA";"4"
130;"QUAL É O ANIMAL QUE REPRESENTA O SIGNO DE TOURO?";"HIPOPÓTAMO";"CAVALO";"TOURO";"GALO";"3"
131;"B, N, e V SÃO :";"MARCAS DE UM CARRO";"LETRAS DO ALFABETO";"PARTIDO POLÍTICO";"POLÍCIA SECRETA";"2"
132;"QUE TIPO DE ANIMAL É O PATETA ?";"CAVALO";"BURRO";"CACHORRO";"RAPOSA";"3"
133;"EM QUE CIDADE ESTÁ LOCALIZADA A ESTÁTUA DO CRISTO REDENTOR?";"RIO DE JANEIRO";"SÃO PAULO";"CURITIBA";"BELO HORIZONTE";"1"
134;"QUEM  É CONHECIDO COMO O PLAYBOY BRASILEIRO ?";"JOÃOZINHO TRINTA";"ZECA PAGODINHO";"CHIQUINHO SCARPA";"CHICO BUARQUE";"3"
135;"UM METRO TEM QUANTOS CENTÍMETROS?";"10";"100";"1000";"10000";"2"
136;"QUAL É O NOME DO MACHO DA ABELHA ?";"ZANGÃO";"GARANHÃO";"FERRÃO";"RUFIÃO";"1"
137;"QUAL BICHO TRANSMITE A DOENÇA DE CHAGAS ?";"ABELHA";"BARATA";"BARBEIRO";"PULGA";"3"
138;"QUAL O NOME DADO À CONTAGEM FEITA PELO GOVERNO, PARA SABER O NÚMERO DE PESSOAS DE UM PAÍS?";"CENSO";"CONTAGEM";"MARCAÇÃO";"CONTA";"1"
139;"QUAL O NOME DO ATOR QUE INTERPRETA O PERSONAGEM ZÉ BONITINHO NA TV?";"RONI CÓCEGAS";"JORGE LOREDO";"DAVI PINHEIRO";"ARNAUD RODRIGUES";"2"
140;"QUAL CANTORA É CONHECIDA COMO  'A RAINHA DOS CAMINHONEIROS' ?";"ROBERTA MIRANDA";"MARIA BETHÂNIA";"SULA MIRANDA";"RITA CADILLAC";"3"
141;"QUAL É A MISSA REZADA NO NATAL?";"CAMPAL";"DO GALO";"DO VATICANO";"DE SÉTIMO DIA";"2"
142;"QUAL O ORIXÁ É CONHECIDA COMO A ' RAINHA DO MAR '?";"MAMÃE OXUM";"IEMANJÁ";"POMBA-GIRA";"IANSÃ";"2"
143;"QUEM DISSE NO JULGAMENTO DE JESUS: 'EU LAVO MINHAS MÃOS'?";"BARRABÁS";"TIBÉRIO";"PÔNCIO PILATOS";"JUDAS";"3"
144;"QUANDO O MÉDICO RECEITA UM REMÉDIO VIA ORAL, AS PESSOAS DEVEM TOMAR:";"PELO OUVIDO";"PELO NARIZ";"PELA BOCA";"PELOS OLHOS";"3"
145;"QUE ESPORTE  FERNANDO SCHERER, O XUXA,  PRATICA?";"CICLISMO";"VÔLEI DE PRAIA";"NATAÇÃO";"SURF";"3"
146;"QUEM LIBERTOU  OS ESCRAVOS EM 1888 ?";"JOANA D'ARC";"ANITA  GARIBALDI";"PRINCESA  ISABEL";"IMPERATRIZ LEOPOLDINA";"3"
147;"QUAL O NOME VERDADEIRO DA TIAZINHA?";"SUZANA WERNER";"JOANA PRADO";"LETÍCIA SPILLER";"SUZANA ALVES";"4"
148;"QUANTOS ANÕES HAVIA NA HISTÓRIA DA BRANCA DE NEVE?";"SEIS";"SETE";"OITO";"NOVE";"2"
149;"O QUÊ A MULHER-GATO É DO BATMAN ?";"AMIGA";"IRMÃ";"NAMORADA";"INIMIGA";"4"
150;"COMO ERAM CHAMADOS OS NAVIOS QUE TRAZIAM OS ESCRAVOS PARA O BRASIL?";"BRANQUEIROS";"PESQUEIROS";"NEGREIROS";"PETROLEIROS";"3"
151;"O HUMORISTA MUSSUM FOI INTEGRANTE DE QUAL GRUPO DE SAMBA?";"FUNDO DE QUINTAL";"TITULARES DO RITMO";"ORIGINAIS DO SAMBA";"BANDA BRASIL";"3"
152;"ONDE FICAM AS MULHERES DO SULTÃO?";"HARÉM";"LABIRINTO";"COLISEU";"CHOUPANA";"1"
153;"DE QUANTAS CORES É COMPOSTO O ARCO-ÍRIS ?";"3";"7";"12";"22";"2"
154;"NOS DESENHOS ANIMADOS, QUEM É A MULHER DE FRED FLINSTONE?";"BETH";"VILMA";"MARGARIDA";"CLARABELA";"2"
155;"A FRASE 'ABRA-TE SÉSAMO' FOI DITA POR QUEM ?";"D.PEDRO I";"HÉRCULES";"ALI BABÁ";"DUNGA";"3"
156;"A ESTÁTUA DA LIBERDADE FICA LOCALIZADA EM QUAL CIDADE?";"LONDRES";"NOVA YORK";"PARIS";"MADRI";"2"
157;"QUAL DESTES PERSONAGENS NÃO USA UMA CAPA ?";"SUPER-HOMEM";"BATMAN";"HOMEM-ARANHA";"ZORRO";"3"
158;"QUAL É O REI DOS ANIMAIS?";"ELEFANTE";"GORILA";"LEÃO";"RINOCERONTE";"3"
159;"O QUE TÊM EM COMUM ROSA, LILÁS E AZUL ?";"SÃO VINHOS";"SÃO FLORES";"SÃO CORES";"SÃO ILHAS";"3"
160;"COMO SE CHAMA O OSSO DA COXA DO HOMEM?";"FÊMUR";"TÍBIA";"PERÔNIO";"ÚMERO";"1"
161;"COMO É CHAMADO O   ESPAÇO DE TEMPO   ENTRE O NASCER E O PÔR DO SOL ?";"MADRUGADA";"DIA";"NOITE";"SEMANA";"2"
162;"O BATMAN,  O DARKMAN E O RAINMAN SÃO ?";"ARTISTAS DE TEATRO";"FILMES DE CINEMA";"CONJUNTO DE ROCK";"MARCAS DE CIGARRO";"2"
163;"QUE FRUTA É RESSECADA PARA SE TORNAR UMA AMEIXA SECA?";"AMEIXA";"UVA";"PÊSSEGO";"MELÃO";"1"
164;"QUE ANIMAL É O PERSONAGEM GARFIELD ?";"CACHORRO";"MACACO";"COELHO";"GATO";"4"
165;"QUAL PERSONAGEM VIVE NO PAÍS DAS MARAVILHAS?";"CINDERELA";"BELA ADORMECIDA";"ALICE";"CHAPEUZINHO VERMELHO";"3"
166;"O QUE NORMALMENTE AS PESSOAS  CONTAM   PARA DORMIR ?";"CARNEIROS";"NÚMEROS";"MÚSICA";"ESTRELAS";"1"
167;"COMO HEBE CAMARGO INICIOU A SUA CARREIRA?";"MODELO";"CORISTA";"ATRIZ";"CANTORA";"4"
168;"COMO SE CHAMA A PESSOA JULGADA EM UM TRIBUNAL ?";"PROMOTOR";"RÉU";"JURADO";"ESCRAVO";"2"
169;"CRUSH, PEPSI E FANTA SÃO ?";"REFRIGERANTES";"CANTORES DE ROCK";"PERFUMES";"MÚSICOS";"1"
170;"EM QUE MÊS COMEMORAMOS O DIA DOS PAIS ?";"NOVEMBRO";"SETEMBRO";"AGOSTO";"FEVEREIRO";"3"
171;"QUAL É O ESPORTE MAIS POPULAR DO BRASIL ?";"FUTEBOL";"NATAÇÃO";"GOLFE";"EQUITAÇÃO";"1"
172;"O FREVO É UM RITMO  DE QUE ESTADO  DO BRASIL ?";"SÃO PAULO";"BAHIA";"PERNAMBUCO";"PARAÍBA";"3"
173;"EM QUE DIA TIRADENTES FOI MORTO?";"25 DE DEZEMBRO";"04 DE JULHO";"01 DE JANEIRO";"21 DE ABRIL";"4"
174;"QUEM É O AMIGO DA MÔNICA, QUE FALA ELADO?";"MAGALI";"CASCÃO";"ANJINHO";"CEBOLINHA";"4"
175;"QUE CINEASTA BRASILEIRO TEM COMO  MARCA REGISTRADA AS UNHAS ENORMES?";"WALTER SALLES";"ZÉ DO CAIXÃO";"WALTER HUGOR KHOURY";"TONINHO DO DIABO";"2"
176;"QUEM FEZ PARTE DO ELENCO DO FILME TITANIC ?";"LEONARDO DI CAPRIO";"ELIZABETH TAYLOR";"RICHARD BURTON";"TONY CURTIS";"1"
177;"QUAL DESTAS FRUTAS VEM EM CACHO ?";"LARANJA";"MAÇÃ";"PÊRA";"UVA";"4"
178;"QUAL É O DEUS ROMANO DO AMOR?";"CUPIDO";"NETUNO";"MARTE";"PLUTÃO";"1"
179;"QUAL O NOME DO ANJO QUE ANUNCIOU À VIRGEM, A CONCEPÇÃO DE JESUS?";"RAFAEL";"MIGUEL";"AZRAEL";"GABRIEL";"4"
180;"QUE APRESENTADORA DO SBT FOI COMPONENTE DO GRUPO 'É O TCHAN'?";"HEBE CAMARGO";"CARLA PEREZ";"SCHEILA CARVALHO";"ADRIANE GALISTEU";"2"
181;"QUAL É A ESTAÇÃO DAS FLORES ?";"PRIMAVERA";"VERÃO";"OUTONO";"INVERNO";"1"
182;"DE QUAL CANTORA É A MÚSICA ' O CANTO DA CIDADE '?";"IVETE SANGALO";"DANIELA MERCURY";"CARLA VISI";"MARGARETE MENEZES";"2"
183;"MIRIAN RIOS FOI CASADA COM QUAL CANTOR?";"CHICO BUARQUE";"JÚLIO IGLESIAS";"ROBERTO CARLOS";"LULU SANTOS";"3"
184;"QUAL O ESTADO DA ÁGUA QUANDO ESTÁ EM FORMA DE GELO?";"LÍQUIDO";"SÓLIDO";"GASOSO";"VAPOR";"2"
185;"QUAL PAÍS DE ORIGEM DA FEIJOADA?";"BRASIL";"ANGOLA";"FRANÇA";"INGLATERRA";"1"
186;"QUE AVE DORME DURANTE O DIA E CAÇA À NOITE ?";"PAPAGAIO";"CANÁRIO";"CORUJA";"BEIJA-FLOR";"3"
187;"QUAL APRESENTADOR DE TV DIZ: 'AQUI TEM CAFÉ NO BULE' ?";"GUGU";"RATINHO";"RAUL GIL";"SÉRGIO MALLANDRO";"2"
188;"LUIZ GONZAGA  ERA  O REI  DE QUÊ ?";"BOLERO";"ÓPERA";"BAIÃO";"ROCK";"3"
189;"QUEM DA TURMA DA MÔNICA É METIDO A CIENTISTA?";"CEBOLINHA";"CASCÃO";"FRANJINHA";"HORÁCIO";"3"
190;"COMO SE CHAMA O HOMEM QUE TEM DUAS ESPOSAS AO MESMO TEMPO ?";"SOLTEIRO";"CASADO";"BÍGAMO";"DIVORCIADO";"3"
191;"EM QUE ESTADO FICA O PANTANAL BRASILEIRO ?";"SÃO PAULO";"PARANÁ";"MATO GROSSO";"RIO DE JANEIRO";"3"
192;"FÔRMA, BAGUETE E FRANCÊS SÃO:";"TIPOS DE PÃO";"PROVAS OLÍMPICAS";"LÍNGUAS ROMÂNTICAS";"QUEIJOS";"1"
193;"QUAL A MATÉRIA PRIMA DO CATCHUP ?";"ABACATE";"TOMATE";"CEREJA";"PÊSSEGO";"2"
194;"COMO SE CHAMA O ASTRO REI QUE NOS FORNECE CALOR ?";"COMBUSTÃO";"ATRITO";"SOL";"ELETRICIDADE";"3"
195;"QUAL AMIGO DO CEBOLINHA QUE NÃO TOMA BANHO ?";"FRANJINHA";"ANJINHO";"CASCÃO";"CHARLIE BROWN";"3"
196;"QUAL ERA O APELIDO DA CANTORA ELIS REGINA ?";"GAUCHINHA";"PAULISTINHA";"PIMENTINHA";"ANDORINHA";"3"
197;"VATAPÁ É UMA COMIDA TÍPICA DE QUE ESTADO ?";"PARANÁ";"SANTA CATARINA";"SÃO PAULO";"BAHIA";"4"
198;"QUAL SUPER-HERÓI DEFENDE A CIDADE DE METRÓPOLIS?";"CAPITÃO AMÉRICA";"DR. SILVANA";"BATMAN";"SUPER-HOMEM";"4"
199;"QUE POSIÇÃO NO FUTEBOL , O JOGADOR PODE TOCAR A BOLA COM AS MÃOS E MARCAR GOL?";"CENTROAVANTE";"LATERAL";"JUIZ";"GOLEIRO";"4"
200;"QUEM É O MELHOR AMIGO DO MICKEY?";"TIO PATINHAS";"PATO DONALD";"MANCHA NEGRA";"PATETA";"4"
201;"QUEM É  O   INIMIGO  DE  PETER PAN ?";"SARGENTO GARCIA";"CAPITÃO GANCHO";"PROF. GAVIÃO";"SININHO";"2"
202;"QUAL PERSONAGEM DAS HISTÓRIAS INFANTIS, O NARIZ CRESCE QUANDO MENTE?";"SACI-PERERÊ";"MENINO MALUQUINHO";"PINÓQUIO";"PETER PAN";"3"
203;"COMO SE CHAMA O BONECO QUE SE PÕE NA PLANTAÇÃO ?";"ESPANTALHO";"ROBÔ";"MARIONETE";"XAROPINHO";"1"
204;"QUE POLÍTICO AUSTRÍACO, FOI RESPONSÁVEL PELA MORTE DE MAIS DE 6 MILHÕES DE JUDEUS?";"CHURCHILL";"HITLER";"ROOSEVELT";"STALIN";"2"
205;"QUAL APRESENTADOR DE TV DIZIA: 'QUEM NÃO SE COMUNICA SE TRUMBICA'?";"FLÁVIO CAVALCANTI";"AIRTON RODRIGUES";"BOLINHA";"CHACRINHA";"4"
206;"COMO É CHAMADA A ROUPA DOS JUDOCAS ?";"CASACA";"QUIMONO";"SOBRETUDO";"BATA";"2"
207;"QUAL O NOME DO PNEU RESERVA DO CARRO ?";"CALOTA";"ESTEPE";"MACACO";"CHAVE DE RODA";"2"
208;"QUAL NOME SE DÁ A UMA IGREJA BEM PEQUENA ?";"CAPELA";"CATEDRAL";"ALTAR";"SENZALA";"1"
209;"QUAL A CAPITAL DA ESPANHA?";"BARCELONA";"MÔNACO";"MADRI";"VIGO";"3"
210;"O QUE COBRE QUASE 75% DO PLANETA TERRA ?";"ÁGUA";"GELO";"AR";"MATA";"1"
211;"BALANÇA, É QUAL SÍMBOLO  DO ZODÍACO?";"VIRGEM";"LIBRA";"CAPRICÓRNIO";"ÁRIES";"2"
212;"QUAL PALAVRA USAMOS PARA DIZER: TODO O TEMPO ?";"SEMPRE";"ONTEM";"ÀS VEZES";"HOJE";"1"
213;"O QUE SIGNIFICA A LETRA 'S' NA SIGLA SBT ?";"SISTEMA";"SUBSTÂNCIA";"SOCIEDADE";"SOLUÇÃO";"1"
214;"COMO SE CHAMA O LUGAR ONDE SE GUARDAM OS VINHOS ?";"ADEGA";"BIBLIOTECA";"SÓTÃO";"SALA";"1"
215;"EM QUAL TIME ZICO SE CONSAGROU?";"VASCO";"CORINTHIANS";"FLAMENGO";"FLUMINENSE";"3"
216;"EM QUE ANO FOI DESCOBERTO O BRASIL PELOS PORTUGUESES ?";"1450";"1500";"1550";"1400";"2"
217;"QUE CIDADE É CONHECIDA COMO TERRA DA GAROA ?";"RIO DE JANEIRO";"PORTO ALEGRE";"PIRACICABA";"SÃO PAULO";"4"
218;"QUAL É A APRESENTADORA DAS NOITES DE SEGUNDA-FEIRA NO SBT?";"CARLA PEREZ";"HEBE CAMARGO";"ADRIANE GALISTEU";"ANA MARIA BRAGA";"2"
219;"QUEM CRIOU O CÉLEBRE PERSONAGEM CARLITOS?";"CHARLES CHAPLIN";"ALBERT CAMUS";"FRIEDERICH NIETZCHE";"CHARLES DICKENS";"1"
220;"COMO SE CHAMOU O MOVIMENTO EM QUE TIRADENTES ERA O LÍDER?";"REVOLUÇÃO FRANCESA";"GUERRA DOS EMBOABAS";"INCONFIDÊNCIA MINEIRA";"SEGUNDA GUERRA MUNDIAL";"3"
221;"QUAL O PLANETA DE ORIGEM DO SUPER-HOMEM?";"MARTE";"JÚPTER";"KYPTONITA";"KRYPTON";"4"
222;"QUAIS SÃO AS CORES DO TIME DO CORINTHIANS ?";"VERMELHO E BRANCO";"PRETO E BRANCO";"VERDE E AZUL";"AZUL E BRANCO";"2"
223;"A ATRIZ VERA FISCHER, MISS BRASIL EM 1969,  NASCEU EM QUAL ESTADO DO BRASIL?";"RIO DE JANEIRO";"SANTA CATARINA";"RIO GRANDE DO SUL";"GOIÁS";"4"
224;"QUANTAS CORES TEM A BANDEIRA DO BRASIL ?";"3";"4";"5";"6";"2"
225;"A CALVÍCIE É O NOME DADO A:";"FALTA DE CABELO";"FALTA DE BARBA";"FALTA DE APETITE";"FALTA DE BIGODE";"1"
226;"NO ANO 2000 O BRASIL FARÁ QUANTOS ANOS DO SEU DESCOBRIMENTO ?";"600";"800";"500";"350";"3"
227;"O QUE SE COMEMORA NO DIA 2 DE NOVEMBRO ?";"NATAL";"TRABALHO";"MÃES";"FINADOS";"4"
228;"QUEM É O AUTOR DA OBRA  ''O SITIO DO PICA-PAU AMARELO'' ?";"MONTEIRO LOBATO";"GRACILIANO RAMOS";"MACHADO DE ASSIS";"JORGE AMADO";"1"
229;"QUAL A REGIÃO MAIS SECA DO BRASIL?";"SUL";"NORTE";"CENTRO-OESTE";"NORDESTE";"4"
230;"QUE ANIMAIS PUXAM O TRENÓ DE PAPAI NOEL ?";"CAVALOS";"RENAS";"TOUROS";"JUMENTOS";"2"
231;"QUE PROFISSIONAL USA UM ESTETOSCÓPIO?";"ENGENHEIRO";"MECÂNICO";"MÉDICO";"AVIADOR";"3"
232;"ONDE SÃO ACONDICIONADAS AS BALAS DE UM REVÓLVER ?";"CANO";"TAMBOR";"AGULHA";"GATILHO";"2"
233;"O QUE UM CRONISTA ESCREVE ?";"VERSOS";"NOVELAS";"DISCURSOS";"CRÔNICAS";"4"
234;"QUEM É O PRIMEIRO SUBSTITUTO DO PRESIDENTE?";"VEREADOR";"VICE-PRESIDENTE";"SENADOR";"DEPUTADO";"2"
235;"O QUE SIGNIFICA S.O.S.?";"LUGAR PROIBIDO";"AVISO DE EMBARQUE";"PEDIDO DE SOCORRO";"SAÍDA";"3"
236;"COMO SE CHAMA O MARIDO DA ATRIZ GLÓRIA MENEZES?";"STÊNIO GARCIA";"REGINALDO FARIA";"MAURO MENDONÇA";"TARCÍSIO MEIRA";"4"
237;"QUAL O LIVRO MAIS VENDIDO NO MUNDO?";"MAPA MUNDI-ATLAS";"BÍBLIA";"O ALQUIMISTA";"O MUNDO DE SOFIA";"2"
238;"QUAL O NOME DADO PARA A FUMAÇA QUE SAI DA ÁGUA FERVENDO?";"VAPOR";"NEVE";"NÉVOA";"ORVALHO";"1"
239;"QUAL A FLOR QUE SEGUE A LUZ DO SOL?";"MARGARIDA";"ROSA";"CRAVO";"GIRASSOL";"4"
240;"COMO CHAMA O DANÇARINO DO GRUPO 'É O TCHAN' ?";"JACARÉ";"BOI";"CAVALO";"LAGARTIXA";"1"
241;"QUAL A CAPITAL DO CHILE ?";"PEQUIM";"MADRID";"SANTIAGO";"CABUL";"3"
242;"QUAL SUPER-HERÓI TEM O  PODER DE ESCALAR  MONTANHAS ?";"SUPER-HOMEM";"CAPITÃO AMÉRICA";"BATMAN";"HOMEM-ARANHA";"4"
243;"QUEM É O AUTOR DA OBRA  ''O SITIO DO PICA-PAU AMARELO'' ?";"MONTEIRO LOBATO";"GRACILIANO RAMOS";"MACHADO DE ASSIS";"JORGE AMADO";"1"
244;"O QUE SIGNIFICA A COR VERMELHA, NO SEMÁFORO ?";"PARAR";"ATENÇÃO";"SEGUIR";"ESTACIONAR";"1"
245;"RONALD REAGAN FOI PRESIDENTE DE QUE PAÍS?";"AUSTRÁLIA";"CANADÁ";"ESTADOS UNIDOS";"FRANÇA";"3"
246;"QUAL ANIMAL É A ESTRELA DO FILME ''KING-KONG''?";"GORILA";"URSO";"LEOPARDO";"ELEFANTE";"1"
247;"NA COPA DE 70, QUE JOGADOR TINHA O APELIDO DE PATADA ATÔMICA?";"TOSTÃO";"RIVELINO";"GERSON";"JAIRZINHO";"2"
248;"UMA PESSOA CLEPTOMANÍACA É:";"COLECIONADORA";"DECORADORA";"MÉDICA";"DOENTE";"4"
249;"QUAL É A CAPITAL DOS ESTADOS UNIDOS ?";"NOVA YORK";"MIAMI";"CHICAGO";"WHASHINGTON";"4"
250;"DE ONDE ERA NATURAL O PINTOR PICASSO ?";"ESPANHA";"HOLANDA";"FRANÇA";"BÉLGICA";"1"
251;"QUANTOS JOGADORES, UM JOGO DE VOLEY REUNE NA QUADRA ?";"SEIS";"OITO";"DEZ";"DOZE";"4"
252;"QUAL É O PAÍS DO TANGO?";"URUGUAI";"ARGENTINA";"PARAGUAI";"ESPANHA";"2"
253;"QUE IMPERADOR TOCOU FOGO EM ROMA ?";"CÉSAR";"NERO";"BRUTUS";"CALÍGULA";"2"
254;"DE QUE ORIGEM É O FÓSFORO ?";"ARTIFICIAL";"MINERAL";"VEGETAL";"ANIMAL";"2"
255;"ONDE FICA A CIDADE DE POMPÉIA, QUE FOI SOTERRADA POR UM VULCÃO ?";"HAWAY";"MÉXICO";"ITÁLIA";"CALIFÓRNIA";"3"
256;"COMO É CHAMADO QUEM NASCE EM MILÃO, NA ITÁLIA ?";"MAILANENSE";"MILANO";"MILISTA";"MILANÊS";"4"
257;"QUE PROFISSIONAL USA UMA FERRAMENTA CHAMADA FORMÃO?";"CARPINTEIRO";"RELOJOEIRO";"CONFEITEIRO";"BOMBEIRO";"1"
258;"EM QUAL ESTÁDIO, PELÉ MARCOU SEU MILÉSIMO GOL ?";"MORUMBI";"PACAEMBU";"MARACANÃ";"MINEIRÃO";"3"
259;"O QUE É UM OBOÉ ?";"VULCÃO";"COMIDA";"INSTRUMENTO";"TRIBO";"3"
260;"COMO ERAM CHAMADOS OS PILOTOS SUICIDAS DA SEGUNDA GUERRA ?";"KAMIKAZES";"SASHIMIS";"HARA-KIRIS";"ARIGATÔS";"1"
261;"O QUE É GÔNDOLA ?";"EMBARCAÇÃO";"BRINQUEDO";"FERRAMENTA";"SÍMBOLO";"1"
262;"SASHIMI É UM DELICADO PRATO ORIGINÁRIO DE QUE PAÍS ?";"JAPÃO";"CHINA";"ÍNDIA";"INDONÉSIA";"1"
263;"COMO É CHAMADA A CANTORA QUE REPRESENTA O PAPEL PRINCIPAL EM UMA ÓPERA ?";"PRIMEIRA DAMA";"DONA PRIMA";"PRIMA DONA";"OBRA PRIMA";"3"
264;"COMO SE CHAMA O ALIMENTO EXTRAÍDO PELAS PLANTAS DO SOLO ?";"CELULOSE";"SEIVA";"MITOSE";"CLOROFILA";"2"
265;"PEROBA É UMA ESPÉCIE DE QUÊ?";"INSETO";"ÁRVORE";"VERME";"VERDURA";"2"
266;"ONDE É QUE SE PRATICA ALPINISMO?";"MAR";"MONTANHA";"RIO";"PRAIA";"2"
267;"O COLISEU É UM MONUMENTO HISTÓRICO DE QUE CIDADE EUROPÉIA?";"PARIS";"COPENHAGUE";"ROMA";"LONDRES";"3"
268;"QUAL É O PICO MAIS ALTO DO MUNDO?";"EVEREST";"MONTE SINAI";"MONTE CASTELO";"MONT BLANC";"1"
269;"QUE RIO CORTA A CIDADE DE LONDRES NA INGLATERRA?";"TÂMISA";"SENA";"TIETÊ";"AMAZONAS";"1"
270;"QUAL A RAÇA DO CÃO, QUE É O PERSONAGEM PRINCIPAL DO FILME ' BEETHOVEN ' ?";"FILA";"PASTOR-ALEMÃO";"POODLE";"SÃO BERNARDO";"4"
271;"QUANTOS PONTOS MARCA O PILOTO QUE VENCE UMA CORRIDA NA FÓRMULA MUNDIAL?";"DEZ";"VINTE";"TRINTA";"TRINTA E CINCO";"2"
272;"QUEM FOI ELEITO PRESIDENTE DA ÁFRICA DO SUL EM 1994?";"NELSON PIQUET";"N. MANDELA";"NELSON EDDY";"JOHN NELSON";"2"
273;"QUAL CANTOR ERA CONHECIDO COMO O REI DA VOZ ?";"ORLANDO SILVA";"VICENTE CELESTINO";"FRANCISCO ALVES";"CARLOS GALHARDO";"3"
274;"QUANTOS KILATES TEM O OURO PURO?";"18";"20";"24";"30";"3"
275;"QUAL A SIGLA DA ORGANIZAÇÃO DAS NAÇÕES UNIDAS?";"ONU";"FMI";"CIA";"INPS";"1"
276;"DE QUANTOS EM QUANTOS ANOS APARECE O COMETA HALLEY?";"57 ANOS";"67 ANOS";"76 ANOS";"79 ANOS";"3"
277;"QUEM ESCREVEU ULISSES, EM 1922?";"ERNEST";"MARCEL PROUST";"T.S.ELLIOT";"JAMES JOYSE";"4"
278;"SEGUNDO A CRENÇA POPULAR, A MULA-SEM-CABEÇA É A MULHER DE QUEM?";"COROINHA";"PADRE";"SACRISTÃO";"BISPO";"2"
279;"QUE ATRIZ PROTAGONIZOU  AO LADO DE LEONARDO DI CAPRIO O FILME ' TITANIC' ?";"CAMERON DIAZ";"KATE WINSLET";"BRIDGET FONDA";"CATHERINE ZETTA JONES";"2"
280;"COMO É CHAMADA A DOENÇA QUE ESTÁ CLAREANDO A PELE DE MICHAEL JACKSON?";"ASTIGMATISMO";"PEDOFILIA";"VITILIGO";"BRUXISMO";"3"
281;"QUE CANTOR QUE JÁ VENDEU MAIS DE 70 MILHÕES DE DISCOS É O REI DA MPB?";"CHICO BUARQUE";"C. VELOSO";"R. CARLOS";"M. NASCIMENTO";"3"
282;"QUE MÉDICO REALIZOU A PRIMEIRA CIRURGIA DE PONTE DE SAFENA NO BRASIL?";"DR. ZERBINI";"DR. FRITZ";"DR. JATENE";"DR. CALLIGARI";"3"
283;"QUAL ERA O PARCEIRO DE CRIMES DA ' BONNIE ' ?";"BILL";"CLYDE";"JAMES";"BUTCH";"2"
284;"QUAL A MOEDA OFICIAL DA ALEMANHA?";"LIRA";"MARCO";"PECETA";"IENE";"2"
285;"QUEM FOI O ASSASSINO DE LEE HARVEY OSWALD?";"JACK RUBY";"JOHN WILKES BOOTH";"PAT GARRET";"CHARLOTTE CORDAY";"1"
286;"QUEM É O PARCEIRO DE AVENTURAS DE DOM QUIXOTE?";"SANCHO PANÇA";"GUILHERME TELL";"SIGMUND FREUD";"LANCELOT";"1"
287;"QUAL É O NOME DO PASSARINHO, NOS QUADRINHOS DE CHARLIE BROWN?";"PIU PIU";"WOODSTOCK";"CANARINHO";"ROUXINOL";"2"
288;"ONDE É MAIS USADO O SISMÓGRAFO?";"FURACÕES";"TERREMOTOS";"MAREMOTOS";"TEMPESTADES";"2"
289;"QUE  METAL AVERMELHADO CRIA UMA CAMADA ESVERDEADA QUANDO ENTRA EM CONTATO COM A UMIDADE?";"FERRO";"COBRE";"MERCÚRIO";"AÇO";"2"
290;"QUAL PLANTA ERA USADA PELOS EGÍPCIOS PARA ESCREVER NA ANTIGÜIDADE?";"PAPIRO";"EUCALIPTO";"OLIVEIRA";"MILHO";"1"
291;"QUE PAÍS EUROPEU TEM COMO ATRAÇÃO A TOURADA ?";"ESPANHA";"ITÁLIA";"FRANÇA";"ALEMANHA";"1"
292;"QUE HUMORISTA, FALECIDO EM 99, FOI BATERISTA DE RAUL SEIXAS?";"LILICO";"RONI CÓCEGAS";"GRANDE OTELO";"MAZZAROPI";"2"
293;"O QUÊ OS FILATELISTAS COLECIONAM?";"QUADROS";"MOEDAS";"SELOS";"FIGURINHAS";"3"
294;"QUAL DESTES ITENS TEM NUMERADOR E DENOMINADOR?";"IGREJA";"FRAÇÃO";"TRIBUNAL";"DESPERTADOR";"2"
295;"QUEM PINTOU A MONALISA?";"LEONARDO DA VINCI";"TICIANO";"RAFAEL";"MICHELANGELO";"1"
296;"QUAL PILOTO FALECEU NA PROVA FINAL DA FÓRMULA MUNDIAL, EM FONTANA ?";"BRYAN HERTA";"MICHAEL ANDRETTI";"RAUL BOESEL";"GREG MOORE";"4"
297;"EM QUE CIDADE ESTÁ LOCALIZADA A FAMOSA 'PRAÇA VERMELHA'?";"MOSCOU";"BERLIM";"PARIS";"ROMA";"1"
298;"QUAL O NOME DO VULCÃO QUE DESTRUIU VÁRIAS CIDADES NA ITÁLIA,  ANOS ANTES DE CRISTO?";"VÊNUS";"VESÚVIO";"VARSÓVIA";"VENEZA";"2"
299;"QUANDO COMEÇOU E TERMINOU A PRIMEIRA GUERRA MUNDIAL?";"1914-1918";"1902-1908";"1920-1930";"1912-1915";"1"
300;"QUAL LETRA DO ALFABETO SIMBOLIZA O NÚMERO DEZ EM ALGARISMOS ROMANOS?";"V";"D";"L";"X";"4"
301;"QUAL HISTÓRIA, FRANCIS FORD COPPOLA DIRIGIU EM TRÊS PARTES?";"TITANIC";"SEXTA-FEIRA TREZE";"O PODEROSO CHEFÃO";"GUERRA NAS ESTRELAS";"3"
302;"QUE ANIMAIS SÃO CRIADOS NAS POCILGAS?";"CAMELOS";"BÚFALOS";"CARNEIROS";"PORCOS";"4"
303;"QUEM FOI O DIRETOR DO FILME 'A LISTA DE SCHINDLER' ?";"CLINT EASTWOOD";"STEVEN SPIELBERG";"STANLEY KUBRICK";"PEDRO ALMODÓVAR";"2"
304;"QUAL É O ALIMENTO PRODUZIDO PELA MOAGEM DE GRÃOS DE CACAU?";"PARAFINA";"AÇÚCAR";"CHOCOLATE";"CAFÉ";"3"
305;"QUEM INTRODUZIU O FUTEBOL NO BRASIL?";"PELÉ";"JOÃO HAVELANGE";"CHARLES MILLER";"PAULO MACHADO";"3"
306;"RIO NILO,  O RIO MAIS LONGO DO MUNDO, SE LOCALIZA EM QUAL CONTINENTE ?";"ÁFRICA";"EUROPA";"AMÉRICA DO SUL";"ÁSIA";"1"
307;"QUAL O NOME DO JOGADOR DE FUTEBOL, ATUALMENTE CONHECIDO COMO PÉ DE ANJO?";"PAULO NUNES";"ROMÁRIO";"VAMPETA";"MARCELINHO CARIOCA";"4"
308;"QUE CIDADE POPULOSA PASSOU A FAZER PARTE DA CHINA EM 1997?";"PEQUIM";"HANÓI";"HIROSHIMA";"HONG KONG";"4"
309;"NOVA DELHI É A CAPITAL DE QUE PAÍS?";"ÍNDIA";"PARAGUAI";"SUÍÇA";"MÉXICO";"1"
310;"QUEM LEVA O SANGUE DO CORAÇÃO PARA O CORPO?";"VEIAS";"MÚSCULOS";"ARTÉRIAS";"OSSOS";"3"
311;"COMO É CHAMADO O OBJETO FALSIFICADO VENDIDO COMO ORIGINAL?";"CORSÁRIO";"PERNETA";"PIRATA";"PAPAGAIO";"3"
312;"QUAL A EX-MINISTRA FICOU CONHECIDA COMO A DAMA DE FERRO?";"INDIRA GHANDI";"MADRE TEREZA";"MARGARET TATCHER";"HILLARY CLINTON";"3"
313;"QUAL A DANÇA TÍPICA DA ARGENTINA?";"BOLERO";"SAMBA";"TANGO";"LAMBADA";"3"
314;"QUAIS OS NOMES DO MÉDICO E DO MONSTRO?";"MASTERS E JOHNSON";"DR. JEKYLL E MR. HYDE";"BONNIE E CLYDE";"D. QUIXOTE E SANCHO PANZA";"2"
315;"QUEM FOI A ATRIZ CASADA COM DOIS HOMENS FAMOSOS, JOE DI MAGGIO E ARTHUR MILLER?";"GLENDA JACKSON";"MARGARET BECKET";"MARILYN MONROE";"ELIZABETH TAYLOR";"3"
316;"QUEM DISSE A FRASE: ' VIM, VI E VENCI ' NO ANO 47 ANTES DE CRISTO?";"JÚLIO CÉSAR";"CALÍGULA";"NERO";"MARCO ANTONIO";"1"
317;"QUE NOME SE DÁ À VOLTA DOS CARDUMES DE PEIXES PARA A NASCENTE?";"POROROCA";"PERERECA";"PIRAPORA";"PIRACEMA";"4"
318;"QUEM FOI O LÍDER DA ALEMANHA, QUE QUERIA CHEGAR À SUPREMACIA DA RAÇA ARIANA?";"GOBELR";"HITLER";"ROMEL";"MAO TSE TUNG";"2"
319;"QUAL É O PAÍS QUE PARTICIPOU DE TODAS AS COPAS DO MUNDO DE FUTEBOL?";"ITÁLIA";"URUGUAI";"ARGENTINA";"BRASIL";"4"
320;"QUAIS SÃO OS NAIPES VERMELHOS DO BARALHO?";"OUROS E COPAS";"COPAS E PAUS";"PAUS E OUROS";"ESPADAS E PAUS";"1"
321;"QUAL O NOME VERDADEIRO DO BATMAN?";"BRUCE WAYNE";"BRUCE BANER";"CLARK KENT";"LEX LUTOR";"1"
322;"DE QUE PAÍS ASIÁTICO A CAPITAL É BEIRUTE?";"SÍRIA";"NEPAL";"MONGÓLIA";"LÍBANO";"4"
323;"O QUÊ É UM CONTRATORPEDEIRO?";"TANQUE";"NAVIO DE GUERRA";"DIRIGÍVEL";"AVIÃO DE CAÇA";"2"
324;"QUE ANIMAL DA FAUNA BRASILEIRA ESTÁ RETRATADO NA NOTA DE DEZ REAIS?";"JABUTI";"ONÇA";"ARARA";"TUCANO";"3"
325;"QUAL O ESPORTE DO ' SUPER BOWL'  ANUAL NOS ESTADOS UNIDOS?";"BASEBALL";"BASQUETE";"FUTEBOL AMERICANO";"GOLF";"3"
326;"QUAL É O NOME DA EMBARCAÇÃO TÍPICA DO LITORAL NORDESTINO BRASILEIRO?";"BARCO A REMO";"CANOA";"JANGADA";"LANCHA";"3"
327;"EM QUE ESTADO AMERICANO FICA A CIDADE DE MIAMI?";"ALASCA";"NOVA YORK";"FLORIDA";"CALIFÓRNIA";"3"
328;"QUAL É A CAPITAL DO IRAQUE?";"BELÉM";"BAGDÁ";"BEIRUTE";"BUDAPESTE";"2"
329;"COMO SE CHAMA A MÁQUINA USADA PARA COMPACTAR ASFALTO ?";"ROLO COMPRESSOR";"ESCAVADEIRA";"TRATOR";"LIXADEIRA";"1"
330;"QUE ASTRO DO BASQUETE AMERICANO SE AFASTOU APÓS SER PORTADOR DO VÍRUS HIV?";"MICHAEL JORDAN";"MAGIC JOHNSON";"DENNIS RODMAN";"MIKE TYSON";"2"
331;"QUEM FOI O HERÓI LENDÁRIO QUE TIRAVA SUA FORÇA DOS CABELOS?";"SANSÃO";"HÉRCULES";"JOÃO BATISTA";"GOLIAS";"1"
332;"QUAL O NOME DO CACHORRO DE CHARLIE BROWN?";"PLUTO";"FLOQUINHO";"TOTÓ";"SNOOPY";"4"
333;"QUE PRESIDENTE DOS ESTADOS UNIDOS FOI ATOR DE CINEMA?";"RONALD REAGAN";"GEORGE BUSH";"RICHARD NIXON";"BILL CLINTON";"1"
334;"COMO É CHAMADO O LUGAR SAGRADO DOS JUDEUS?";"IGREJA";"CAPELA";"SINAGOGA";"ALTAR RELIGIOSO";"3"
335;"O CAVALO MARINHO É UM ANIMAL DE QUÊ TIPO?";"MOLUSCO";"CRUSTÁCEO";"PEIXE";"MAMÍFERO";"3"
336;"O FBI, É A POLÍCIA FEDERAL DE QUÊ PAÍS?";"INGLATERRA";"ESTADOS UNIDOS";"CANADÁ";"FRANÇA";"2"
337;"A FÁBRICA BRASILEIRA DE AVIÕES, EMBRAER, FICA ONDE?";"S.J. DO RIO PRETO";"S.J. DOS PINHAIS";"S.J. DOS CAMPOS";"S.J. DOS SANTOS";"3"
338;"EM QUE CIDADE SERÃO REALIZADOS OS JOGOS OLÍMPICOS DE 2000?";"MUNIQUE";"SIDNEY";"TÓQUIO";"HELSINQUE";"2"
339;"EM QUE PAÍS FICA A GRANDE MURALHA CONSTRUÍDA PELO HOMEM ?";"JAPÃO";"CHINA";"AFEGANISTÃO";"ÍNDIA";"2"
340;"QUAL O NOME DO PATRIARCA DA INDEPENDÊNCIA DO BRASIL?";"TIRADENTES";"JOSÉ BONIFÁCIO";"DOM PEDRO II";"VASCO DA GAMA";"2"
341;"QUE EXPLORADOR ITALIANO DEU SEU NOME À AMÉRICA?";"AMÉRICO DOS REIS";"AMÉRICO BRASILIENSE";"AMÉRICO VESPÚCIO";"JOSÉ AMÉRICO DA SILVA";"3"
342;"UM ELETROCARDIOGRAMA, É UM EXAME GERALMENTE PEDIDO POR QUAL MÉDICO?";"DENTISTA";"CARDIOLOGISTA";"DERMATOLOGISTA";"ANESTESISTA";"2"
343;"QUAL O TIME CARIOCA QUE CONTRATOU O JOGADOR DE BASQUETE OSCAR ?";"VASCO DA GAMA";"FLUMINENSE";"BOTAFOGO";"FLAMENGO";"4"
344;"QUAL O PERSONAGEM BÍBLICO CONHECIDO POR ATRAVESSAR O MAR VERMELHO?";"ABRAÃO";"MOISÉS";"JOSUÉ";"ELIAS";"2"
345;"QUAL DESSAS COBRAS NÃO É VENENOSA?";"CORAL";"CASCAVEL";"VÍBORA";"PITON";"4"
346;"QUE ANIMAL É USADO NO JOGO DE POLO?";"CAMELO";"CAVALO";"MACACO";"CACHORRO";"2"
347;"EM QUE ANO ACONTECEU O GRAVE INCÊNDIO DO EDIFÍCIO JOELMA, NA CIDADE DE SÃO PAULO?";"1971";"1972";"1973";"1974";"4"
348;"TERESINA É CAPITAL DE QUE      ESTADO     BRASILEIRO ?";"TOCANTINS";"PIAUÍ";"ACRE";"PARANÁ";"2"
349;"EM QUAL CIDADE DO JAPÃO FOI LANÇADA A PRIMEIRA BOMBA ATÔMICA?";"TÓKIO";"NAGASAKI";"OSAKA";"HIROSHIMA";"4"
350;"QUAL É A INCAPACIDADE DO DALTÔNICO?";"SENTIR DOR";"SENTIR PALADAR";"DIFERENCIAR CORES";"SENTIR CHEIRO";"3"
351;"QUE DATA É CONSIDERADA O DIA DA PADROEIRA DO BRASIL?";"12 DE OUTUBRO";"12 DE NOVEMBRO";"11 DE DEZEMBRO";"01 DE JANEIRO";"1"
352;"QUAL É A CAPITAL DO ESTADO DE MATO GROSSO DO SUL ?";"CUIABÁ";"VÁRZEA GRANDE";"RONDONÓPOLIS";"CAMPO GRANDE";"4"
353;"QUANTOS SÃO OS CONTINENTES ?";"5";"7";"3";"12";"1"
354;"POR QUAL NOME SÃO CONHECIDAS AS PESSOAS DO POLO ÁRTICO?";"ARTIQUENSES";"ESQUIMÓS";"NORTISTAS";"POLARES";"2"
355;"QUAL A FÓRMULA QUIMICA DA ÁGUA ?";"HO";"H";"H2O";"HO2";"3"
356;"CECÍLIA MEIRÉLES É UMA:";"CANTORA";"ESCRITORA";"ARQUITETA";"PIANISTA";"2"
357;"EM QUE CIDADE FICA A SEDE DA REDE DE TV BBC?";"LONDRES";"NOVA YORK";"MONTREAL";"CALIFÓRNIA";"1"
358;"CAMILLO É O SOBRENOME DE QUAL CANTOR NASCIDO EM BROTAS, INTERIOR DE SÃO PAULO ?";"LEONARDO";"CHITÃOZINHO";"DANIEL";"VINNY";"3"
359;"QUANTOS INTEGRANTES TINHA OS BEATLES?";"TRÊS";"QUATRO";"CINCO";"SEIS";"2"
360;"QUAL FOI O ÚLTIMO IMPERADOR DO BRASIL ?";"D.PEDRO II";"D.PEDRO I";"D.JOÃO VI";"DEODORO DA FONSECA";"1"
361;"QUEM DIRIGIU O FILME ' CENTRAL DO BRASIL ', INDICADO PARA O OSCAR COMO O MELHOR FILME ESTRANGEIRO EM 1999?";"BRUNO BARRETO";"HECTOR BABENCO";"ARNALDO JABOR";"WALTER SALLES JR.";"4"
362;"O QUE SIGNIFICA A EXPRESSÃO E-MAIL?";"CORREIO DA INFORMÁTICA";"CORREIO ELETRÔNICO";"CORREIO";"CORREIO DE MÁQUINA";"2"
363;"COMO É O NOME DO RIACHO, EM CUJAS MARGENS FOI PROCLAMADA A INDEPENDÊNCIA DO BRASIL?";"CAMBUCI";"SACOMÃ";"IPIRANGA";"INDEPENDENTE";"3"
364;"EM QUE ANO O HOMEM PISOU NA LUA PELA PRIMEIRA VEZ ?";"1969";"1968";"1967";"1966";"1"
365;"QUEM MATOU ERNEST HEMINGWAY?";"O MORDOMO";"O MOTORISTA";"A ARRUMADEIRA";"NENHUM";"4"
366;"QUAL O ÚNICO MAMÍFERO QUE PODE VOAR?";"PATO";"MORCEGO";"ANDORINHA";"URUBU";"2"
367;"PINGUIM É UM ?";"PEIXE";"MAMÍFERO";"AVE";"FELINO";"3"
368;"O SAMBA É UMA DANÇA ORIGINÁRIA DE ONDE?";"EUROPA";"ÁFRICA";"ÁSIA";"AMÉRICA DO SUL";"2"
369;"COMO SE CHAMAVA ATRIZ DE CINEMA QUE TORNOU-SE PRINCESA DE MÔNACO?";"GRACE KELLY";"GRETA GARBO";"CATHERINE DENEUVE";"BRIGITTE BARDOT";"1"
370;"DE QUANTOS EM QUANTOS DIAS A LUA MUDA DE FASE?";"5";"7";"8";"15";"2"
371;"OS CAVALOS NORMALMENTE DORMEM:";"EM PÉ";"DEITADOS";"DE LADO";"NÃO DORMEM";"1"
372;"EM UM ANO BISSEXTO QUE MÊS TEM UM DIA A MAIS?";"MARÇO";"FEVEREIRO";"ABRIL";"OUTUBRO";"2"
373;"QUAL DESTES INSTRUMENTOS MUSICAIS É DE SOPRO?";"VIOLINO";"SAXOFONE";"PIANO";"VIOLÃO";"2"
374;"QUAL FOI O ÚLTIMO PRESIDENTE MILITAR DO BRASIL?";"COSTA E SILVA";"GEISEL";"FIGUEIREDO";"MÉDICI";"3"
375;"QUE ANIMAL É O MICKEY, DE WALT DISNEY?";"COELHO";"CAMUNDONGO";"ESQUILO";"GAMBÁ";"2"
376;"QUAL O ATOR PRINCIPAL DO FILME ''CONAN O BÁRBARO''?";"TOM CRUISE";"LEONARDO DI CAPRIO";"ARNOLD SCHWARZENNEGER";"BRUCE LEE";"3"
377;"QUAL É O FILME BRASILEIRO INDICADO PARA O OSCAR COM FERNANDA MONTENEGRO EM 1999?";"O QUATRILHO";"A VIDA É BELA";"AUTO DA COMPADECIDA";"CENTRAL DO BRASIL";"4"
378;"SE VOCÊ OUVE ALGUÉM FALAR EM  'EQUINÓCIO' VOCÊ SABE QUE ESTÃO FALANDO DE QUÊ?";"ASTRONOMIA";"CORRIDA DE CAVALOS";"DOENÇA CONTAGIOSA";"INFORMÁTICA";"1"
379;"QUEM FOI O PROVÁVEL ASSASSINO DE JOHN KENNEDY?";"ALEXANDER BURR";"LEE HARVEY OSWALD";"BILLY THE KID";"ELIOTT NESS";"2"
380;"EM QUAL FESTA SE COMEMORA A RESSURREIÇÃO DE CRISTO?";"PÁSCOA";"NATAL";"ANO NOVO";"DOMINGO DE RAMOS";"1"
381;"COMO SE CHAMA O ESTADO DE INCONSCIÊNCIA DE UMA PESSOA QUE NÃO DESPERTA MESMO COM ESTÍMULOS DOLOROSOS?";"ALÉRGICO";"INTERESSANTE";"FEBRIL";"COMA";"4"
382;"QUEM ATRAVESSOU A CIDADE NUA MONTADA EM UM CAVALO BRANCO?";"LADY MACBETH";"LADY DIANA";"LADY GODIVA";"LADY HAWK";"3"
383;"QUAL FAMOSO DANÇARINO FOI PARCEIRO DE GINGER ROGERS NO CINEMA?";"MIKAIL BARISHNIKOV";"FRED ASTAIRE";"FRANK SINATRA";"GENE KELLY";"2"
384;"QUEM ASSUMIU A PRESIDÊNCIA DA REPÚBLICA COM A MORTE DE TANCREDO NEVES?";"FERNANDO COLLOR";"JOSÉ SARNEY";"FERNANDO HENRIQUE CARDOSO";"LULA";"2"
385;"TUIUIU É UMA ESPÉCIE DE:";"PÁSSARO";"COMIDA";"CARRO";"ROUPA";"1"
386;"QUAL DESTES FOI UM NAVIO DE CRISTÓVÃO COLOMBO?";"EL SAVADOR";"REDEMPTOR";"SANTA MARIA";"TITANIC";"3"
387;"O QUE É O SOL ?";"METEÓRO";"COMETA";"ESTRELA";"PLANETA";"3"
388;"NA HISTÓRIA DO BRASIL A QUEM SE ATRIBUI A FRASE ' SE MIL VIDAS EU TIVESSE MIL VIDAS EU DARIA' ?";"PEDRO ÁLVARES CABRAL";"TIRADENTES";"D. PEDRO I";"D. PEDRO II";"2"
389;"QUANTOS HABITANTES TEM A REGIÃO METROPOLITANA DE SÃO PAULO ?";"17 MILHÕES";"1 MILHÃO";"5 MILHÕES";"8 MILHÕES";"1"
390;"QUEM DISSE A FRASE ' EUREKA EUREKA ' ?";"ARISTÓTOLES";"GALILEU GALILEI";"ALEXANDRE O GRANDE";"ARQUIMEDES";"4"
391;"QUEM INVENTOU O MOTOR A VAPOR?";"JAMES DEAN";"JAMES WATT";"JAMES TAYLOR";"JAMES COBURN";"2"
392;"QUAL É O CLIMA PREDOMINANTE NO BRASIL?";"ÁRIDO";"GLACIAL";"TROPICAL";"SEMI-ÁRIDO";"3"
393;"QUAL FOI A INVENÇÃO DE ELISHA OTIS?";"ÔNIBUS";"TREM";"ELEVADOR";"TÁXI";"3"
394;"QUAL ESPECIALISTA QUE CUIDA DOS PÉS?";"CARDIOLOGISTA";"PODÓLOGO";"DENTISTA";"TERAPEUTA";"2"
395;"O ESTADO DA BAHIA FICA EM QUE REGIÃO DO BRASIL?";"SUDESTE";"SUDOESTE";"SUL";"NORDESTE";"4"
396;"COMO SE CHAMAVA NO BRASIL O PROJETO PARA ALFABETIZAÇÃO DE ADULTOS NOS ANOS 70?";"SOBRAL";"MOBRAL";"SUDENE";"MISTRAL";"2"
397;"QUAL O NOME DO CLÁSSICO DO CINEMA COM HUMPHREY BOGART E INGRID BERGMAN?";"CASABLANCA";"ETERNO CONFLITO";"CASANOVA";"OS PÁSSAROS";"1"
398;"EM QUE ANO O BRASIL SEDIOU A COPA DO MUNDO?";"1930";"1940";"1950";"1974";"3"
399;"QUAL OBRA CONTÉM OS DISCURSOS DE BUDA?";"ALCORÃO";"TORÁ";"BÍBLIA";"SUTRA";"4"
400;"QUEM COMPÔS O CONCERTO ' AS QUATROS ESTAÇÕES '?";"ANTONIO VIVALDI";"ANTONIO CARLOS JOBIM";"RICHARD WAGNER";"RICHARD DREYFUSS";"1"
401;"QUEM É O AUTOR DO MANIFESTO COMUNISTA ?";"LENIN";"GORBATCHOV";"KARL MARX";"ALLAN KARDEC";"3"
402;"QUANTO TEMPO VIVE EM MÉDIA A FÊMEA DO PERNILONGO ?";"2 MESES";"4 MESES";"8 MESES";"6 MESES";"4"
403;"QUAIS SÃO OS DOIS PAÍSES SEPARADOS PELA CACHOEIRA DO NIAGARA?";"EUA E MÉXICO";"CANADÁ E EUA";"EUA E ALASCA";"ALASCA E CANADÁ";"2"
404;"QUEM SUCEDEU JOHN KENNEDY COMO PRESIDENTE DOS EUA?";"RICHARD NIXON";"GERALD FORD";"LYNDON JOHNSON";"JIMMY CARTER";"3"
405;"QUAL DESSES PAÍSES TEM A CAPITAL COM O MESMO NOME?";"IRAQUE";"LUXEMBURGO";"IUGOSLÁVIA";"JORDÂNIA";"2"
406;"QUAL É O PRIMEIRO NOME DO PINTOR CEZANNE?";"JEAN";"PAUL";"GEORGES";"JACQUES";"2"
407;"EM QUE PAÍS, NELSON MANDELA FOI APRISIONADO EM 1964?";"ÁFRICA DO SUL";"AUSTRÁLIA";"NOVA ZELÂNDIA";"TIMOR LESTE";"1"
408;"QUE POVO ÁTILA, LIDEROU CONTRA OS IMPERADORES ROMANOS NO SÉCULO V?";"MACEDÔNIOS";"FENÍCIOS";"HUNOS";"GREGOS";"3"
409;"QUAL FLOR É O SÍMBOLO NACIONAL DO EGITO E FOI CONSIDERADA SAGRADA NA ANTIGÜIDADE?";"ROSA";"LÍRIO";"JASMIM";"LOTUS";"4"
410;"QUAL A ÁRVORE CUJO RAMO SIMBOLIZA A PAZ?";"SERINGUEIRA";"OLIVEIRA";"CARVALHO";"IPÊ";"2"
411;"O QUE É PLÁTANO ?";"ARVORE";"INSETO";"TIPO DE SAPATO";"PEIXE";"1"
412;"QUEM SE HOSPEDA NO CASTELO DE GANDOLFO, NO VERÃO?";"REI DA ESPANHA";"O PAPA";"RAINHA DA INGLATERRA";"LUCIANO PAVAROTTI";"2"
413;"QUAL É O ANIMAL SÍMBOLO DO PANTANAL ?";"JABURU";"JACARÉ";"ANTA";"GARÇA";"1"
414;"EM QUE PAÍS FOI REALIZADA A PRIMEIRA COPA DO MUNDO DE FUTEBOL ?";"PORTUGAL";"URUGUAI";"INGLATERRA";"ITÁLIA";"2"
415;"QUEM FOI O PRIMEIRO MANDATÁRIO DE ISRAEL?";"GOLDA MEIR";"MENACHEN BEGIN";"CHAIM WEISMAN";"DAVID  BEN GURION";"4"
416;"QUAL INSTRUMENTO MEDE A ALTITUDE DO SOL E OUTROS CORPOS CELESTES?";"SONAR";"RADAR";"SEXTANTE";"ODÔMETRO";"3"
417;"COM QUANTOS PÃES JESUS CRISTO ALIMENTOU OS 5000?";"DOIS";"TRÊS";"QUATRO";"CINCO";"4"
418;"EM QUE DÉCADA FOI DIFUNDIDO O USO DE TRATORES ?";"50";"30";"20";"40";"3"
419;"QUE  PAÍS  DA  EUROPA  É CONHECIDO  COMO  PAÍSES BAIXOS ?";"HOLANDA";"ÁUSTRIA";"BÉLGICA";"HUNGRIA";"1"
420;"O QUE É ORNITORRINCO ?";"VULCÃO";"RIO";"LEGUME";"ANIMAL";"4"
421;"QUEM FOI O PRIMEIRO PRESIDENTE ELEITO POR VOTO POPULAR NA RÚSSIA?";"BORIS YELTSIN";"STALIN";"MIKAIL GORBATCHOV";"LENIN";"1"
422;"QUE ANIMAL MITOLÓGICO RENASCIA DAS PRÓPRIAS CINZAS?";"UM LEÃO";"UMA AVE";"UM CAVALO";"UMA SERPENTE";"2"
423;"A MISTURA DE PEQUENAS PEDRAS, HÚMUS, AR E ÁGUA FORMAM O QUÊ?";"GELEIRAS";"SOLO";"MARES";"RIOS";"2"
424;"QUE PINTOR BRASILEIRO PINTAVA A BELEZA DA MULATA E A SENSUALIDADE FEMININA?";"DI CAVALCANTI";"CÂNDIDO PORTINARI";"VOLPI";"TARCILA DO AMARAL";"1"
425;"QUAL CIDADE O ROBOCOP COMBATE O CRIME?";"NOVA YORK";"DETROIT";"LOS ANGELES";"SAN FRANCISCO";"2"
426;"QUAL LÍDER AMERICANO FOI MORTO EM 1968 PARTIDÁRIO DO PROTESTO PACÍFICO?";"JOHN KENNEDY";"MARTIN LUTHER KING JR.";"BOB KENNEDY";"REVERENDO MOON";"2"
427;"EM QUE ANO O BRASIL CONQUISTOU SUA PRIMEIRA COPA DO MUNDO ?";"1962";"1958";"1970";"1994";"2"
428;"QUEM FOI O COMANDANTE ALEMÃO CHAMADO ' A RAPOSA DO DESERTO ' ?";"ROMMEL";"HIMMLER";"HITLER";"GOEBELS";"1"
429;"QUAL LÍDER POLÍTICO MANTEVE A MORAL E RESISTÊNCIA DOS INGLESES NA II GERRA MUNDIAL?";"STALIN";"ROOSEVELT";"WINSTON CHURCHILL";"CHAMBERLAIN";"3"
430;"EM QUAL ESTADO BRASILEIRO ACONTECEU A GUERRA DE CANUDOS ?";"RIO DE JANEIRO";"BAHIA";"PERNAMBUCO";"CEARÁ";"2"
431;"QUEM LIDEROU A REVOLUÇÃO CONTRA A DITADURA DE FULGENCIO BATISTA EM 1959?";"CHE GUEVARA";"FIDEL CASTRO";"JUAN D. PERÓN";"GENERAL PINOCHET";"2"
432;"LECH WALESA TORNOU-SE LÍDER DE QUE PARTIDO NA POLÔNIA EM 1980?";"TRABALHISTA";"CONSERVADOR";"COMUNISTA";"SOLIDARIEDADE";"4"
433;"EM QUE ANO O MURO DE BERLIM FOI DERRUBADO ?";"1975";"1984";"1990";"1989";"4"
434;"DE QUAL PAÍS NEHRU FOI PRIMEIRO MINISTRO?";"EGITO";"LÍBIA";"ÍNDIA";"MARROCOS";"3"
435;"QUAL O PAÍS HO CHI MINH LEVOU A GUERREAR CONTRA OS JAPONESES OS FRANCESES E DEPOIS OS AMERICANOS?";"CHINA";"VIETNÃ";"TAILÂNDIA";"ÍNDIA";"2"
436;"QUEM TEM A INCUMBÊNCIA DE ESCOLHER O NOSSO PAPA ?";"CÔNEGOS";"BISPOS";"ARCEBISPOS";"CARDEAIS";"4"
437;"ATÉ A CHEGADA DE CORTÉS NA AMÉRICA, MONTEZUMA ERA O LÍDER DE QUAL POVO?";"MAIA";"AZTECA";"INCA";"GUARANI";"2"
438;"NO LITORAL DE QUE ESTADO FICA O ARQUIPÉLAGO DOS ABROLHOS ?";"BAHIA";"ALAGOAS";"CEARA";"SERGIPE";"1"
439;"QUEM É O FAMOSO E VAIDOSO DETETIVE DE AGATHA CHRISTE?";"MAIGRET";"SAM SPADE";"SHERLOCK HOLMS";"HÉRCULE POIROT";"4"
440;"QUEM ERA O DEUS SUPREMO NA ANTIGA RELIGIÃO GREGA?";"MERCÚRIO";"ZEUS";"APOLO";"NETUNO";"2"
441;"QUAL ERA O DEUS ROMANO DA GERRA?";"MARTE";"JÚPITER";"HADES";"NETUNO";"1"
442;"QUAL O NOME GREGO DE VÊNUS?";"PALA ATENAS";"DIANA";"AFRODITE";"ISIS";"3"
443;"QUAL RAÇA DE CACHORRO FOI GUARDADA POR SÉCULOS POR UMA CORTE IMPERIAL?";"CHIHUAHUA";"MALTÊS";"YORKSHIRE";"PEQUINÊS";"4"
444;"QUAL A CARACTERÍSTICA REPRODUTIVA DAS MULAS?";"UMA CRIA POR ANO";"DUAS CRIAS POR ANO";"UMA CRIA A CADA DOIS ANOS";"SÃO ESTÉREIS";"4"
445;"QUE PROFISSÃO TEM HOJE O EX CRAQUE DE FUTEBOL TOSTÃO ?";"TÉCNICO";"EMPRESÁRIO";"DENTISTA";"MÉDICO";"4"
446;"QUAL MADEIRA É USADA PARA TECLA DE PIANOS?";"CARVALHO";"JACARANDÁ";"ÉBANO";"PINUS";"3"
447;"A QUEM É ATRIBUÍDA A FRASE: O BRASIL NÃO É UM PAÍS SÉRIO ?";"FIDEL CASTRO";"BILL CLINTON";"CHARLES DE GAULLE";"JOÃO PAULO SEGUNDO";"3"
448;"EM QUE ASSUNTO UM ENÓLOGO É ESPECIALISTA ?";"MOEDAS";"VINHOS";"LIVROS";"ÍNDIOS";"2"
449;"QUAL A ÁRVORE QUE PARA OS GREGOS SIMBOLIZAVA VITÓRIA E ERA SAGRADA PARA APOLO?";"OLIVEIRA";"PARREIRA";"LOUREIRO";"ÉBANO";"3"
450;"QUAL O PRINCIPAL MINÉRIO DO ALUMÍNIO ?";"BAUXITA";"CALCÁRIO";"CALCITA";"CASSITERITA";"1"
451;"COMO É CHAMADO NA PECUÁRIA O TRABALHO DE CUIDAR DE BODES E CABRAS ?";"ASINIMO";"CAPRINO";"BUFALINO";"MUAR";"2"
452;"COMO REPRESENTAMOS EM ALGARISMOS ROMANOS O NÚMERO 500 ?";"C";"M";"D";"L";"3"
453;"QUE OBJETO É O SANTO GRAAL?";"CÁLICE";"JARRA";"ESCRITOS";"TÁBUAS";"1"
454;"QUAIS OS GRUPOS ÉTNICOS QUE DERAM ORIGEM A POPULAÇÃO BRASILEIRA ?";"BRANCO NEGRO E ÍNDIO";"MESTIÇO E ÍNDIO";"MULATO E BRANCO";"IMIGRANTES E NEGROS";"1"
455;"QUINGENTÉSIMO CORRESPONDE A QUAL NÚMERO ?";"500";"5000";"50";"5";"1"
456;"ONDE NASCEU O ARTISTA PLÁSTICO CÂNDIDO PORTINARI?";"BRASIL";"ITÁLIA";"GRÉCIA";"ESPANHA";"1"
457;"COMO SE CHAMA O ESTUDO ENTRE PALAVRAS E SIGNIFICADOS?";"FONÉTICA";"SEMÂNTICA";"FILOSOFIA";"PSIQUIATRIA";"2"
458;"COMO SE CHAMA O ESTUDO DAS RELAÇÕES DOS ORGANISMOS COM O SEU MEIO E UNS COM OS OUTROS?";"PALEONTOLOGIA";"ENDOSCOPIA";"ORTODONTIA";"ECOLOGIA";"4"
459;"QUAL A CIÊNCIA QUE ESTUDA A ORIGEM E DESENVOLVIMENTO DAS PALAVRAS?";"ENDOSCOPIA";"GRAFOLOGIA";"RADIOGRAFIA";"ETIMOLOGIA";"4"
460;"O QUE É ENTOMOLOGIA?";"ESTUDO DOS INSETOS";"ESTUDOS DOS SERES";"ESTUDO DENTÁRIO";"ESTUDO DE SÍMBOLOS";"1"
461;"QUAL VITAMINA É O CAROTENO?";"A";"B";"C";"E";"1"
462;"QUEM FOI O CRIADOR DO AGENTE SECRETO JAMES BOND?";"AGATHA CHRISTIE";"SUSAN DWORKIN";"IAN FLEMING";"MORRIS WEST";"3"
463;"MEDUSAS SIFONÓFORAS E CTENÓFORAS SÃO CATEGORIAS DE QUÊ?";"PLANTAS";"FLORES";"MAMÍFEROS";"ÁGUAS-VIVAS";"4"
464;"COMO SE CHAMA O TERRITÓRIO COMPREENDIDO DESDE O ISTMO DO PANAMÁ ATÉ A TERRA DO FOGO?";"AMÉRICA DO NORTE";"AMÉRICA CENTRAL";"AMÉRICA DO SUL";"AMÉRICA SEDENTRIONAL";"3"
465;"EM UMA ARMADURA QUAL PARTE DO CORPO É PROTEGIDO PELO GUANTE?";"PEITO";"MÃOS";"ROSTO";"ABDOME";"2"
466;"CAMPALA É A CAPITAL DE QUE PAÍS?";"UGANDA";"NIGÉRIA";"MOÇAMBIQUE";"RUANDA";"1"
467;"QUAL A COBRA DO BRASIL SE ALIMENTA DE OUTRA?";"MUÇURANA";"CORAL";"CASCAVEL";"JIBÓIA";"1"
468;"O CONFUCIONISMO É UMA  FILOSOFIA   DE QUE   NACIONALIDADE ?";"INDIANA";"JAPONESA";"CHINESA";"COREANA";"3"
469;"QUAL O ATUAL MINISTRO DAS COMUNICAÇÕES?";"PEDRO MALAN";"ELISEU PADILHA";"PIMENTA DA VEIGA";"ARMÍNIO FRAGA";"3"
470;"QUE LUGAR DO REINO UNIDO DÁ NOME AO MERIDIANO ZERO?";"OXFORD";"WINDSOR";"GREENWICH";"MANCHESTER";"3"
471;"QUE PINTOR BRASILEIRO PINTAVA AS CHAGAS SOCIAIS?";"DI CAVALCANTI";"CÂNDIDO PORTINARI";"VOLPI";"TARCILA DO AMARAL";"2"
472;"QUEM FOI O PRIMEIRO LOCUTOR DO JORNAL NACIONAL DA REDE GLOBO?";"HERON DOMINGUES";"CID MOREIRA";"SÉRGIO CHAPELIN";"HILTON GOMES";"4"
473;"QUAL O NOME DA ESPOSA DO ESCRITOR JORGE AMADO?";"ZÉLIA CARDOSO DE MELO";"ZÉLIA GATTAI";"ZÉLIA RIBEIRO";"ZÉLIA DE ALMEIDA";"2"
474;"QUEM ESCREVEU O ROMANCE  'ASSASSINATO NO EXPRESSO ORIENTE' ?";"ÁGATHA CHRISTIE";"SIDNEI SHELDON";"JANETE DAILY";"GABRIEL GARCIA MARQUES";"1"
475;"EM QUANTO TEMPO SE RENOVA A PRESIDÊNCIA DO CONSELHO DE MINISTROS DA UNIÃO EUROPÉIA?";"TRÊS MESES";"SEIS MESES";"NOVE MESES";"DOZE MESES";"2"
476;"QUAL PAÍS SUL-AMERICANO SE CHAMAVA PROVÍNCIA CISPLATINA ?";"CHILE";"COLÔMBIA";"URUGUAI";"EQUADOR";"3"
477;"EM QUE SÉCULO O TAJ MAHAL NA ÍNDIA FOI CONSTRUIDO ?";"SÉCULO VII";"SÉCULO VIII";"SÉCULO IX";"SÉCULO X";"1"
478;"DE QUE PAÍS A INDONÉSIA SE TORNOU INDEPENDENTE EM 1949 ?";"AUSTRÁLIA";"HOLANDA";"ÍNDIA";"ÁFRICA DO SUL";"2"
479;"QUAL FOI O PRIMEIRO PAÍS NO MUNDO A DAR DIREITO DE VOTO ÀS MULHERES ?";"ESTADOS UNIDOS";"FRANÇA";"NOVA ZELÂNDIA";"INGLATERRA";"3"
480;"ONDE NASCEU A GRANDE CANTORA DE ÓPERAS MARIA CALLAS ?";"ROMA";"NOVA YORK";"PARÍS";"ATENAS";"2"
481;"QUAL CIDADE DA EUROPA SEDIOU O TRATADO DA COMUNIDADE EUROPÉIA EM 1992?";"ZURIQUE";"BERLIM";"PARIS";"MAASTRICHT";"4"
482;"QUAL ERA A NACIONALIDADE DO ESCRITOR OSCAR WILDE ?";"IRLANDÊS";"ALEMÃO";"INGLÊS";"AMERICANO";"1"
483;"EM QUE CONTINENTE SE LOCALIZA A MONTANHA DE KILIMANJARO ?";"AMÉRICA DO NORTE";"ASIA";"EUROPA";"ÁFRICA";"4"
484;"O ESTREITO DE GIBRALTAR FICA ENTRE:";"NORUEGA E DINAMARCA";"ESPANHA E MARROCOS";"PORTUGAL E ESPANHA";"SUIÇA E SUÉCIA";"2"
485;"QUANTOS DENTES DE LEITE TEM O SER HUMANO QUANDO CRIANÇA ?";"32";"25";"20";"18";"3"
486;"QUANTO OSSOS TEM O CORPO HUMANO ?";"206";"205";"208";"207";"1"
487;"QUANTO TEMPO EM MÉDIA, VIVE UMA BARATA DE ESGOTO ?";"1 MÊS";"6 MESES";"1 ANO E MEIO";"2 ANOS E MEIO";"4"
488;"QUANTOS PARES DE CROMOSSOMOS POSSUI O SER HUMANO.";"22";"23";"24";"25";"2"
489;"QUAL DAS SEGUINTES PALAVRAS NÃO É UM SINÔNIMO DE 'MERMAR' ?";"DESCREVER";"DIMINUIR";"MINGUAR";"AUMENTAR";"4"
490;"QUEM É CONSIDERADO FUNDADOR DA LINGÜÍSTICA MODERNA?";"HORASE SAUSSURE";"BENOITE SAUSSURE";"NÍCOLAS SAUSSURE";"FERDINAND SAUSSURE";"4"
491;"EM QUE ANO OS MUÇULMANOS INVADIRAM A PENÍNSULA IBÉRICA?";"620";"750";"711";"1080";"3"
492;"O QUE É O ' NOTOCÓRDIO ' ?";"CORDÃO CELULAR";"BICO DAS AVES";"UM TIPO DE ALAÚDE";"UM MÁRTIR";"1"
493;"COMO SE CHAMAVA A SUBDIVISÃO ADMINISTRATIVA NA URBE ROMANA?";"CÚRIA";"CENTÚRIA";"DISTRITO";"DIOCESE";"1"
494;"A QUE ELEMENTO QUÍMICO DA TABELA PERIÓDICA CORRESPONDE O SÍMBOLO ' Tb'?";"TÉRBIO";"TURÍBIO";"TALÍO";"TANABASIO";"1"
495;"QUAL A CIÊNCIA QUE ESTUDA A DISTRIBUIÇÃO DOS SERES QUE VIVEM SOBRE A TERRA ?";"ZOOMETRIA";"ZOOLOGIA";"ZOOGEOGRAFIA";"ZOOTECNIA";"3"
496;"QUAL ERA A NACIONALIDADE DO PALHAÇO CHARLIE RIVEL?";"INGLESA";"AMERICANA";"FRANCESA";"ESPANHOLA";"4"
497;"ONDE ACONTECEU O PIOR TERREMOTO DA HISTÓRIA EM 28 DE JULHO DE 1927 ?";"LOS ANGELES";"INDIA";"CHINA";"ÁFRICA";"3"
498;"QUEM FOI O RESPONSÁVEL PELA IMPLANTAÇÃO DO REGIME COMUNISTA NA CHINA ?";"CHE GUEVARA";"KARL MARX";"MAO TSE TUNG";"HO CHI MING";"3"
499;"O QUE É UM NÚMERO PRIMO ?";"UM NUMERO PAR DIVISIVEL POR SI";"UM NÚMERO DIVISIVEL POR SI E PELA UNIDADE";"UM NÚMERO DIVISIVEL PELA UNIDADE E PELO SEU MULTIPLO";"UM NUMERO IMPAR DIVISIVEL PELA UNIDADE";"2"
500;"QUANTOS BITS TEM UM BYTE ?";"1024";"2048";"7";"8";"4"
